ticker,beta,cumulative_return,annual_rate_return,annualyzed_volatility
CSAN3.SA,1.0351644668496103,1.21829279965407,0.831051660822411,0.3132262191808065
DMMO3.SA,0.5730594898126851,-0.7812499920172357,-0.8308661930632023,1.0253070811473488
ENAT3.SA,0.8644649514779973,0.6518374924231787,0.6001889770090805,0.46729242741283
RPMG3.SA,1.0919700836592523,0.7419355682230113,1.2132211742617665,1.287431305899757
PETR3.SA,1.1735219120890288,0.29442645156663083,0.2967731750549044,0.2955162855394985
BRDT3.SA,0.7558656341007112,0.21422559358398985,0.23929704907223145,0.3131952314328192
PRIO3.SA,0.6124424151160197,2.710420319722554,1.3869442949375443,0.46017787599888843
UGPA3.SA,1.0345398921733024,0.014141429554331175,0.07776573936364929,0.3583196828330909
LUPA3.SA,0.6237299088509325,0.4455389886277885,0.5569861360879176,0.6420951167822634
OSXB3.SA,0.197017275305143,-0.15696205480838743,0.26295391790059613,0.9725089774950769
BRAP3.SA,0.9294350397931643,0.29643116027091576,0.32057351148850993,0.35765679338468054
MMXM3.SA,0.193414041122528,0.13364053071754123,0.3101140431941055,0.6542658299610348
VALE3.SA,1.0466740008648343,0.07998400588383214,0.1574974994096238,0.3919211862625397
FESA3.SA,0.16034879247898237,0.18342010611336024,0.30439318264960935,0.5289640700975083
GGBR3.SA,0.7012484716973469,0.4631927469637833,0.4177081712224568,0.29890158580202475
GOAU3.SA,0.8938345514347317,0.20647770100906815,0.22111921018228034,0.273202805066015
CSNA3.SA,1.126835458426107,0.5351351145151491,0.5247450332418406,0.4588374630955999
USIM3.SA,0.7038072073916384,-0.18181816722261612,-0.16175891793011718,0.26521631352384983
MGEL3.SA,0.0,0.0,0.0,0.0
PATI3.SA,0.11957067535220116,0.6013985533627793,0.5340677472939804,0.38151894999398056
TKNO3.SA,0.0,0.0,0.0,0.0
PMAM3.SA,0.5999844040485974,0.16396459352248938,0.31113507832371834,0.5967436772153132
BRKM3.SA,0.5270360087606701,-0.24946369626499165,-0.2192996433515007,0.3521530727944646
GPCP3.SA,0.18229747168045063,3.074468014276956,1.6331133721931756,0.7257439033979372
FHER3.SA,0.2354541838351138,-0.17826085874849495,0.35416383018137826,1.1026431493125037
NUTR3.SA,-0.2766172895287009,1.533333333333334,1.208885586099271,0.8860754149698475
CRPG3.SA,0.1317342244363645,0.04664179237256971,0.14298108088908223,0.44079374595064
UNIP3.SA,0.493826500679307,0.12271136889281076,0.15838449760164044,0.29970209368305134
DTEX3.SA,0.8206050516803883,0.5663082241250905,0.48462642218931673,0.29922693815361007
EUCA3.SA,0.9614821258923872,4.263157894736844,3.160261813520207,2.116627890380642
RANI3.SA,0.22312245416873666,0.4527027484184656,0.6623020955942098,0.8050345210584385
KLBN3.SA,0.7674707251150364,-0.08547000709448271,-0.008384654685582374,0.39976851381110357
MSPA3.SA,0.07848192553049949,0.04166666666666674,0.07086701028156805,0.2479538249916979
SUZB3.SA,0.3778123927606404,0.16969374464091413,0.23170986206567898,0.39643040254219547
MTIG3.SA,0.0,0.0,0.0,0.0
SNSY3.SA,0.0,0.0,0.0,0.0
ETER3.SA,0.48560410196723613,0.7938928132789396,0.9533552090382027,0.9730161381374214
HAGA3.SA,-0.23207512386549314,0.49999988682662755,0.8772750923353902,1.0866548396060152
PTBL3.SA,0.8927768556786682,0.11650483369355413,0.17848439909927677,0.3785573386593101
AZEV3.SA,0.2629702518732592,-0.8199999915228954,-0.47701970869086485,1.600744631937421
TCNO3.SA,-0.1910613962082591,0.4683543482454853,1.5876245445852448,1.831606341957905
MILS3.SA,0.6724976807586465,1.7049178651271366,1.093486891066666,0.4871088012866996
EMBR3.SA,0.6412890929238315,-0.022596121663172153,0.009101803651049983,0.25134617829391914
FRAS3.SA,0.529359148601792,0.38166310021622385,0.3578491893630076,0.2901527669768947
POMO3.SA,0.5970024325383678,0.35922327699941814,0.35330925330455065,0.32518180234712263
RAPT3.SA,0.5120277908695009,0.8399999999999987,0.6514495267178186,0.32633429599203306
RCSL3.SA,0.41384556635546577,-0.19202897580474798,-0.06266882280120863,0.5485086931226355
TUPY3.SA,0.4544969816579081,0.23258050345023085,0.25055583073374355,0.303555475472425
MWET3.SA,-0.13538128845837846,-0.0028490001397226683,0.0158581648337463,0.19851996580036924
SHUL3.SA,0.0,0.0,0.0,0.0
WEGE3.SA,0.8119794794374976,0.9777777158106351,0.7025985077427102,0.2575569336562628
EALT3.SA,0.39308273504569197,2.197044267283909,2.6992857469179556,2.3018074071781793
BDLL3.SA,0.04445909221559454,-0.5292156817866307,-0.5985918473249457,0.45327116474087537
ROMI3.SA,0.661688205957047,1.0352992665015206,0.7877270503084517,0.4270360844717036
INEP3.SA,0.5093114513171696,0.6179001223936762,0.8673331657873599,0.9210136486067515
KEPL3.SA,0.33749446677215295,0.9815058995841435,0.7178836114961197,0.3102015629220665
FRIO3.SA,-0.014962705557388595,0.016666666666666385,0.0563646959822576,0.28434038629459124
NORD3.SA,1.3150863246927393,2.430656783143422,3.293163160478274,2.1938616059406075
MTSA3.SA,-0.21205563941053632,0.30941177816951937,0.6875261624665282,0.9868042551614779
TASA3.SA,1.2538488981995297,0.16993457669743606,0.717902943065256,1.0550976449636618
RLOG3.SA,0.6098503212001576,0.734930563442447,0.5727204522857126,0.25364499517123673
VSPT3.SA,0.0,0.0,0.0,0.0
RAIL3.SA,0.7612630648632318,0.5421686622397015,0.45955152707942154,0.26301884499804734
LOGN3.SA,0.6277962609932358,1.9974424577381837,1.215744681812353,0.5284911900453717
LUXM3.SA,0.0,0.0,0.0,0.0
JSLG3.SA,1.0409590200142815,3.653125037951397,1.5927976761378695,0.40467118224574516
TGMA3.SA,0.7772220343400551,0.49943065463171865,0.4420252309577206,0.2971531589676377
CCRO3.SA,0.9506263853617645,0.5767599841167512,0.5042836950364259,0.33956827338147955
ECOR3.SA,0.9059592823373582,0.7531915118112606,0.6044520071850129,0.32661817193223597
TPIS3.SA,0.739296724195467,-0.012048181523292678,0.116329152718203,0.5198995236642308
STBP3.SA,0.6497269454278162,1.0272276380484895,0.7532616870050747,0.3471677549987022
ATMP3.SA,0.9248275159245869,-0.6438026159647063,-0.7038848387892428,0.7783246853921009
CARD3.SA,0.6777548060828118,1.254335290386936,0.863646675293173,0.3678139569007398
DTCY3.SA,-0.1375660430447214,1.103846150319252,1.1836407132084126,1.0286001398416305
VLID3.SA,0.8238244202774195,-0.07123141204037264,0.010815228768545716,0.40952718139833233
BTTL3.SA,0.7527473272710241,0.8436577600568174,0.8628198398065497,0.7658226024490132
MMAQ3.SA,0.0,0.0,0.0,0.0
WLMM3.SA,-0.19609834476881954,2.2299999237060515,1.3721813402209815,0.6926968668430648
AGRO3.SA,0.26443169070680306,0.2000000476837147,0.19824496249949583,0.19738152032492923
FRTA3.SA,0.31702484153025173,0.7895870273801451,0.7500202487340832,0.6083912299355124
SLCE3.SA,0.5882107946439988,0.1694954940716078,0.22509024903297772,0.3795496114559864
TESA3.SA,0.3343017816237498,0.9279205506311803,0.7174895871114222,0.3863286974865333
BSEV3.SA,0.06735003611679537,0.3535031394942276,0.43120313352305273,0.5438930348033199
SMTO3.SA,0.4447570016365732,0.3152289595230764,0.29868945536440855,0.244878094125543
BRFS3.SA,0.5016161421093243,0.6048350910564022,0.5318627803712513,0.36984209830475034
BAUH3.SA,0.0,0.0,0.0,0.0
JBSS3.SA,0.7262633975012635,1.4237434493772114,0.966862567677399,0.4435729689390908
MRFG3.SA,0.6329707818140528,0.988805892141398,0.7594504785421793,0.4139952993185529
BEEF3.SA,0.6621226693293476,1.742455910831394,1.0616906016331356,0.3770182948419043
MNPR3.SA,-0.16959578718285184,1.555555555555559,1.3144772428383253,0.9377878602606743
CAML3.SA,0.4950995538590711,0.23717060042990745,0.24665654234907133,0.2762792951945978
JOPA3.SA,-0.10184182276053763,0.17391304347826098,0.18953256857157064,0.250569086637129
MDIA3.SA,0.6889544201953199,-0.0689000122443717,-0.028328922153006895,0.28837759157414755
ABEV3.SA,0.6416315196997018,0.23181816774388486,0.2393490357373264,0.26463341159913245
CRFB3.SA,0.7859976786090408,0.30707756964598665,0.29862929419121154,0.26884925848221664
PCAR3.SA,0.016132890805676255,0.023408984987207893,0.06450600398713285,0.2902437976771646
CALI3.SA,0.0,0.0,0.0,0.0
CRDE3.SA,-0.26094265664884825,1.0438737116850239,0.8690809408178319,0.6181711346443419
CYRE3.SA,1.0980984746576623,1.1116310208579931,0.7953053805165178,0.3514609467174319
DIRR3.SA,0.7436419935734981,1.050331013399572,0.7655235345512654,0.349621873484835
EVEN3.SA,1.0006772232719257,1.7612690396547048,1.0654537536158766,0.36971286203362896
EZTC3.SA,0.8623886149443316,1.7289885040657986,1.0439107652401525,0.34036580568827884
GFSA3.SA,0.6795662375831076,-0.37410918691866535,-0.2938487414437812,0.5830907473250805
HBOR3.SA,1.2484061919274105,1.8395060391128912,1.1806576656445227,0.5644993631239317
JHSF3.SA,1.0405292628391476,3.153846247896877,1.4965837227899252,0.4434296257418589
JFEN3.SA,0.5744429834811113,0.45400601239323835,0.7608170693093459,0.9090075194395496
MRVE3.SA,0.9580835955239623,0.9334818583630022,0.7612834433236847,0.4811238503154446
PDGR3.SA,0.738123487932003,-0.06976748312273884,0.24514031079260537,0.8611912208888868
RDNI3.SA,0.4410764331634622,2.139535124417532,1.250693891771051,0.5096913886162864
RSID3.SA,0.8249822982430303,0.7735124190909823,0.7491471719912095,0.6322228154033538
TCSA3.SA,1.02278054726272,0.33333336151519877,0.4161214309362499,0.5307078584094331
TEND3.SA,0.842499602834487,1.0926464761225212,0.7808502942105019,0.3356017381901461
TRIS3.SA,0.7315907038318353,3.1353383359805296,1.4581184845660615,0.35571220391179126
VIVR3.SA,0.7676189169552926,-0.13333332518226937,0.44434820870030856,1.2059979936965568
CEDO3.SA,0.06032423278537294,0.32352937464070664,0.7899633784510977,1.1773461722304925
CTNM3.SA,0.37504073269381666,0.44508676893142995,0.49559673499198004,0.5244042383597669
DOHL3.SA,0.11983011762099573,0.34228187060335724,0.3121443536780964,0.23027122004037795
ECPR3.SA,-0.13667614035999376,-0.0886188149045477,-0.03784282776144914,0.32508925011475964
CTKA3.SA,0.16819265814656473,1.6155419859029765,1.6730348715441605,1.3488785566727854
PTNT3.SA,-0.055039906463498,0.1428571428571428,0.14070196855092884,0.141387500596487
CTSA3.SA,0.19033140160946008,0.33333326496958215,0.43319673651629953,0.568329556602837
SGPS3.SA,0.8907071039545706,1.0131387085899104,0.8286012424905199,0.5433762218064436
TEKA3.SA,0.8354303784245907,0.014823164650067389,0.8647673494315626,1.49795921924483
TXRX3.SA,-0.14450921674231784,0.05454547556307143,0.19957713142616604,0.5523632225109427
HGTX3.SA,0.8261749300236746,0.2261538138756407,0.2560948782592324,0.33660440337458725
ALPA3.SA,0.29790275378835573,1.0592308044433598,0.7648303488586001,0.3340364360362942
GRND3.SA,0.6545684576287023,0.6291138898980606,0.5142519814809505,0.26567214876996653
VULC3.SA,0.7866391513405722,0.38520802591172765,0.3682161291944694,0.3133236881577835
MNDL3.SA,0.08017152744765017,0.37037037037036935,0.36015848946041973,0.32111747470246854
TECN3.SA,1.0045763341086378,0.3766234396226107,0.4726376606937297,0.5776069696369573
WHRL3.SA,0.6337729863083109,1.2296983258147538,0.9211111686066823,0.5224707139335035
UCAS3.SA,0.9275408382707717,0.9999999999999996,0.8196038720641632,0.532822032623451
MYPK3.SA,0.6886306891188121,0.05173951130529808,0.08320383231974092,0.2600396404220677
LEVE3.SA,0.45782811252478955,0.15239596259378985,0.16945923279235614,0.2457285394973369
PLAS3.SA,0.3884860724063004,-0.012000020345050544,0.2738768450219053,0.7757111193843194
HOOT3.SA,0.0,0.0,0.0,0.0
BKBR3.SA,0.5014835999703079,-0.08204586456951168,-0.03386999997699538,0.31697254165931393
MEAL3.SA,0.330492700602375,0.3384615091177128,0.3285374491897602,0.2936694589723854
BMKS3.SA,0.30931661766197766,-0.06206896551724139,0.01742208672000493,0.4029549382398543
AHEB3.SA,-0.29512512129074026,-0.6001339932229506,-0.3430882501357938,0.9975661104155067
SHOW3.SA,0.39581388568284426,-0.14446005515795346,-0.09374230560122677,0.34759140845501013
CVCB3.SA,0.9883688196698776,-0.25478991340188406,-0.21458507514018665,0.3822754600991252
ANIM3.SA,0.7271300833570477,0.9540846489716608,0.7167053334811031,0.3452455874536234
BAHI3.SA,0.2542606759288476,-0.16881077415206447,-0.06532807372050915,0.48907604205601785
COGN3.SA,1.200183363403267,0.3698629779067637,0.39827245995854577,0.42378990344026407
SEER3.SA,0.8403686169909592,0.7535211005328428,0.6352042937937734,0.41039517376005463
YDUQ3.SA,1.0608751801902594,0.9398977023683979,0.7360359117815454,0.41605248773981474
RENT3.SA,1.0491150795536082,0.8321209710690367,0.6402518695777434,0.30407826093314005
LCAM3.SA,0.7293195276806388,1.065453264535575,0.7560066908290972,0.2972813567553167
MOVI3.SA,1.0766372737063707,1.5522675672019868,0.9869942138396105,0.3662092151197541
SMLS3.SA,0.5683636244360433,-0.13193835852741953,-0.06954681582570553,0.3777023007790304
ARZZ3.SA,0.5743726379574844,0.19276645913823032,0.20775239075652052,0.2651023476503844
CGRA3.SA,0.37540673682976405,0.19097365802522814,0.2307830857269635,0.34564612311874715
GUAR3.SA,0.6713253296009531,0.2351219363328878,0.253115103171378,0.3039748202150426
LLIS3.SA,0.5518675282557827,-0.3974122108392415,-0.4262302021621551,0.3742091467603429
AMAR3.SA,0.9147209345231307,1.768462924532575,1.1114180991953473,0.4743980170119401
LREN3.SA,1.0210182765996134,0.6241043481077062,0.5155831710333872,0.28262179419327793
MGLU3.SA,1.1602935180636536,1.2728670313284196,0.8883826103415517,0.40801882781054283
VVAR3.SA,1.0769370726821241,1.4892705496356773,1.0279536785277186,0.5170447577953023
BTOW3.SA,1.3251793417709854,0.7128990141150284,0.6525803609571895,0.5028461042137814
LAME3.SA,0.8433912497057129,0.3912911749660699,0.36822803943644844,0.29847847396282584
SLED3.SA,-0.40119317056396797,0.7578475528097162,2.277741084690142,2.5541219819867966
BIOM3.SA,0.598395106069327,1.1214417079710435,0.9130361196669992,0.6006049891944605
OFSA3.SA,0.29223241274071404,0.3454545916933025,0.3185610632761939,0.23503458523883955
AALR3.SA,0.1091692352751027,0.462605930824715,0.4061580263341324,0.2596336213132315
DASA3.SA,-0.132887355944767,1.0370370370370354,0.8156121916232449,0.5181415739450763
FLRY3.SA,0.8387614881257938,0.5939579143001832,0.4930224268955299,0.2667715926897543
HAPV3.SA,0.4059001324407562,1.0959578766157612,0.7752900241722415,0.3133933371766763
PARD3.SA,0.7539119204384545,0.5869565961040966,0.5139140518229058,0.3505795202241408
GNDI3.SA,0.5902263739346344,1.2811137610951384,0.8597417171534756,0.3170281517860019
ODPV3.SA,0.4899190824537625,0.22974969490146702,0.2346392774363192,0.25250276270004807
QUAL3.SA,0.8746312294589228,2.0022624951830807,1.1927337208519286,0.5014079786883692
BALM3.SA,0.014804124848921936,0.045454545454545414,0.04828440042447821,0.0991717061143429
PNVL3.SA,-0.01463252432649924,0.8896495739727099,0.6545376755497734,0.24653369876661746
HYPE3.SA,0.5449197523606277,0.17005669957961245,0.18835660019409758,0.26352222742447845
PFRM3.SA,0.401268592080112,0.7959697891833253,0.6682087493005631,0.43867426241432955
RADL3.SA,0.6193666295942608,0.8484287691367891,0.649299683313868,0.3064898937688756
POSI3.SA,0.6584398419824113,3.2466962221683024,1.5536054158555601,0.5272045148046549
LINX3.SA,0.5591102152676692,0.14281048316194478,0.22172408287374665,0.42667416157672056
SQIA3.SA,0.3776891008367779,2.8914306726498773,1.425371848346275,0.4306854391160036
TOTS3.SA,0.3609358796505401,1.468462919657823,0.9365991255380788,0.31514800913677044
OIBR3.SA,0.47289751973048544,-0.2755905271603828,-0.09464917457303815,0.6589494222048499
TELB3.SA,-1.1816003630376863,2.4823994101771043,2.694914491304435,2.0334099054290458
VIVT3.SA,0.45216028230749533,0.2155908027600797,0.21892260177571982,0.23464151800922067
TIET3.SA,0.47884375607461344,0.866401789030522,0.673111729828744,0.35428269163700715
AFLT3.SA,0.4666895786445142,1.2280000686645516,2.467303894406722,2.412125611664978
ALUP3.SA,-0.024900462728261793,0.6385371870269998,0.5632000252898628,0.39511514066524406
CBEE3.SA,-0.1828068309475046,-0.20849419683646675,-0.18606914405899513,0.29557816935851244
CEBR3.SA,0.18115004603940568,0.9892857415335503,1.010419907554114,0.7699899714939269
CEED3.SA,-0.4816143048008565,1.6666666666666674,1.0794499194722178,0.5175663975013246
EEEL3.SA,0.32194577511845235,1.1076585723132606,0.7719483752739854,0.29307062031913117
CLSC3.SA,0.11353108549297423,0.0688196001687642,0.10971539516160926,0.29137688089310515
GPAR3.SA,-1.1075263909465594,3.644444359673396,10.08138393019097,10.02598537977736
CEPE3.SA,0.0,0.0,0.0,0.0
CMIG3.SA,0.8093752961446193,0.2533653614254423,0.2715899900724549,0.31704723550229363
CESP3.SA,0.15666972968424703,0.48385546580854744,0.4140880653099196,0.2317720249635664
CEEB3.SA,0.022937753741690693,0.5849056603773586,0.46734449517308846,0.17610170715265402
COCE3.SA,0.028030343208235626,0.3329915979846745,0.31221156817451434,0.248226840358204
CPLE3.SA,0.6098119719569582,1.3415841166577263,0.8797064820915432,0.2980731091626072
CSRN3.SA,0.1570110902671188,0.15151515151515116,0.20565230864827672,0.3667706445364282
CPFE3.SA,0.37862686194864065,0.2619133836136047,0.248931619954987,0.20455538713237553
CPRE3.SA,0.38384611781940675,0.2851432792392665,0.345471571717526,0.44916380065051437
EKTR3.SA,0.05129465056468459,0.38777775234646294,0.397032816287998,0.41121237236830377
ELET3.SA,1.3404792755154866,0.6523055259635449,0.6208464040195893,0.5189402057643923
LIPR3.SA,0.15045862107220956,0.3499999727521621,0.326789260751983,0.2564658980499591
ENBR3.SA,0.6495639875867235,0.5514285223824609,0.46542595588974583,0.2628069078553346
ENGI3.SA,0.6140586940935471,0.6460396431086286,0.593570098595822,0.46717901021645497
ENMT3.SA,-2.809361041979184e-05,0.6561496283322248,0.5332381617231956,0.27562636256490153
ENEV3.SA,0.4497238510412886,1.8207546886889072,1.0511604391564802,0.2561995257578407
EGIE3.SA,0.7166848217593861,0.5605095195032062,0.4673363896714981,0.24824110593839557
EQPA3.SA,0.46058215184770024,0.5789473464064101,0.5792951762620295,0.5305205803634556
EQTL3.SA,0.6615453752223088,0.660973532348031,0.5235209645737635,0.22628416252143171
GEPA3.SA,0.05150259747491274,0.46925667779179836,0.4197576439506463,0.2922544152289119
LIGT3.SA,0.7839154991081108,0.5112684943275412,0.45806433864062934,0.3268315911554364
OMGE3.SA,0.5164046318955212,1.4444442351332132,0.9136749578957666,0.26898867316917635
REDE3.SA,0.07605933614839812,0.2663755391834519,0.2493509831736121,0.18742139680032266
RNEW3.SA,-0.047608816746881444,-0.33862433361849,-0.10637473898412199,0.7960407471530253
TAEE3.SA,0.5891723916167169,0.2799999713897703,0.27936893855542744,0.2739205049210269
TRPL3.SA,0.40757871227290926,0.7230412897139582,0.6097341594808332,0.3917942376766366
CASN3.SA,-0.021527097077892365,1.25,1.3709279080792915,1.48593209161126
CSMG3.SA,0.7442039804782119,0.2257524591134754,0.24392695786983895,0.2982018421578244
SBSP3.SA,1.0694052333002126,0.905001619869723,0.7046261246546404,0.38095387403187186
SAPR3.SA,0.6153703691291421,0.284735315851006,0.38012496915594657,0.521724856500944
CEGR3.SA,0.2699932449069587,0.363636363636364,0.3848989760260047,0.4556382801509136
CGAS3.SA,0.14763559038361326,1.7783915034000475,1.1269098405362754,0.5076124428270915
RPAD3.SA,0.43860898285361755,1.6680852065425293,1.2803942014158027,0.8446094047764778
BRIV3.SA,0.36324709558172935,0.7352380298432855,0.8190031975675762,0.7777832709574366
BAZA3.SA,-0.09130639180356459,0.6697286181446747,0.5672251086088458,0.364717589734831
BGIP3.SA,0.09633766453993231,0.4864864864864873,0.4592081052738948,0.3767165928108513
BEES3.SA,0.31419722982825615,0.578571527507036,0.484849993037227,0.2735650313367832
BRSR3.SA,0.7548948949781714,0.0550459084833097,0.10874601937788783,0.3367849675355141
BBDC3.SA,1.2081974884413018,0.21484167867116621,0.23035936602391738,0.2843215235242011
BBAS3.SA,1.3174181378745111,0.1899543342408192,0.216306264756012,0.30324358720965466
BSLI3.SA,0.03269655482971304,0.5289621454369942,0.431684116075151,0.17827813300367468
BPAC3.SA,0.08445514073431944,4.107894760783029,1.8545875165588406,0.7416701773631874
IDVL3.SA,0.750481780478837,-0.3130046794830901,0.6431494548141105,1.5919744805175848
ITSA3.SA,0.7387893144938957,0.07488300007796034,0.09936838522589858,0.23917502231725907
ITUB3.SA,0.8776795733995488,0.04649592811917591,0.07093407574610759,0.23039967913330653
BMEB3.SA,0.14821452145156186,0.805555603386445,0.6789255012410365,0.45213984172162497
BMIN3.SA,-0.14387056858157077,0.12771739676200378,0.2086193458006862,0.4411984594075323
BNBR3.SA,-0.03358369625209506,1.6388888888888875,1.0736299001096472,0.49499018912833687
SANB3.SA,1.2588373597248195,0.04922943443848471,0.14465400170501902,0.44380571443715455
CRIV3.SA,0.8460688268640442,0.4651162584386326,1.100819120561899,1.3162846535665058
MERC3.SA,0.5388398257219393,0.39763779749288775,0.6432412317977779,0.9866756647698277
B3SA3.SA,1.354359104932359,0.7075687473050307,0.5839497573223326,0.34349184561701557
CIEL3.SA,1.0683950992915248,-0.17924528773423742,-0.0720691968508684,0.49878417627024935
BRGE3.SA,-0.4786410206222859,2.2164180016229054,2.023022361271834,1.4391344926790064
BBSE3.SA,0.6770347254988597,0.44528299007775507,0.38932328386118586,0.23681399117145654
IRBR3.SA,0.6105436498731005,0.48742146786371254,0.43629127520291083,0.30699793546521015
PSSA3.SA,0.45622296880031765,0.23529411764705777,0.23796336382165234,0.2482926400488394
CSAB3.SA,0.05832053518988702,0.12134834889615531,0.1367815619556679,0.22187018787945786
SULA3.SA,0.14603417602594193,1.0357917718886531,0.8731547062425689,0.6123623037460483
APER3.SA,0.582948930045614,0.7453356789469348,0.6786510786964001,0.5351203913474929
WIZS3.SA,0.30446867153932256,1.125534826253059,0.806346432739586,0.3669933158525714
ALSO3.SA,0.3992533129934946,1.0392156862745123,0.7307777630733554,0.2510816811138078
BRML3.SA,0.7993001267628433,0.4235569761649858,0.3823173069199231,0.26847461013343543
BRPR3.SA,0.6111244366656077,0.8149465761396331,0.623756294598639,0.28014764619207383
CORR3.SA,0.0,0.0,0.0,0.0
CCPR3.SA,0.27877545478478344,1.9363635900592033,1.1320168939954118,0.38681462318229837
GSHP3.SA,1.8001385607632787,-0.018116118692407368,2.315672833417789,2.3671356656170914
IGBR3.SA,0.31563427316569237,0.97714287894113,1.4386832925725779,1.4245790927400332
IGTA3.SA,0.7501657850968441,0.4185865317589086,0.36906601683631934,0.23450436276450354
JPSA3.SA,0.5563641735000482,0.8202979193383293,0.623167345575114,0.26706242922118584
LOGG3.SA,0.5233374521077964,0.8291427612304703,0.7532937084149337,0.5638529067003185
MULT3.SA,0.8969670114495919,0.4375265666408059,0.3906593444425657,0.2637029183859952
SCAR3.SA,0.3919591061808114,0.6598457037467145,0.5527441741531355,0.3341625985169494
BBRK3.SA,1.275778558400398,-0.1461538168100216,0.012468573960674325,0.5845994618184405
LPSB3.SA,1.1149430365543829,0.6889082031132137,0.6638860162761783,0.5534290890360357
MOAR3.SA,0.08457730720418982,0.2941176470588234,0.27906178117982794,0.23404226195879466
PEAB3.SA,0.2831183128507514,0.25806446981810427,0.28585338370958413,0.35036940436954706
ATOM3.SA,0.4878298571424196,-0.32295717714621364,-0.26612506776858474,0.49264088920629323
MAPT3.SA,0.8979860733830594,9.317460005095347,4.402871171559371,3.0052024073733294
FIGE3.SA,0.0,0.0,0.0,0.0
JBDU3.SA,0.5724922824372449,-0.6009999990463261,-0.2460336391699164,1.2539492328168254
PPAR3.SA,0.0,0.0,0.0,0.0
PETR4.SA,1.2145887439107717,0.3707865168539355,0.3518984034166719,0.29204841344725246
BRAP4.SA,0.9618410301729992,0.2875579328758451,0.3134018921516976,0.35783092871036876
FESA4.SA,0.7696476092245008,-0.044668603208817714,0.020860302070528487,0.3609389313889815
GGBR4.SA,1.0051354889237412,0.37095716044503724,0.357705811514015,0.31184432927982
GOAU4.SA,1.128038153926774,0.37021270724323196,0.36021106426890587,0.32158781607566583
MGEL4.SA,0.47171083928958774,0.6579999923706052,0.6870198310863279,0.6225698065056152
PATI4.SA,0.06367079515772815,-0.013616059804342218,0.05762324422718012,0.37657093541529274
TKNO4.SA,0.03407362489626058,0.0028570992606025136,0.01627931154260186,0.16439815092668866
EUCA4.SA,0.4364113230282505,1.116625133718506,0.8459059449824606,0.47330358667563743
RANI4.SA,0.2765251208903326,0.45214525970747266,0.7658324843521083,0.9343685358790139
KLBN4.SA,0.45636347061932514,0.2592592503397426,0.2525569113804517,0.23095381620572336
MSPA4.SA,-0.011382180858062177,0.06757873565722505,0.06654077619419693,0.07096645253677075
MTIG4.SA,-0.1512623028422978,-0.24742268041237148,-0.1403294067480585,0.5036082854726798
HAGA4.SA,0.5056157785039519,0.49999988682663066,0.8262697015618445,0.9639433776735111
AZEV4.SA,0.8896850943684893,-0.05272726579145903,0.7400947782286326,1.3679568561690596
TCNO4.SA,-0.5319263385306275,0.2732918845352159,1.5606744798944463,1.833574813177755
POMO4.SA,0.7312353240853963,0.08955227244340369,0.12860814707152932,0.2993519652777087
RAPT4.SA,0.9421995315939521,0.6015713470419803,0.5115760662817923,0.3151109577653067
RCSL4.SA,0.23741546776895855,0.44594599819253333,0.5437024830088439,0.6174616171880346
RSUL4.SA,-0.18164488066905865,1.145161290322581,0.8290296696188711,0.40202935894339853
MWET4.SA,0.486572273117017,1.0771812139601948,1.0962676407496121,0.8967616844619501
SHUL4.SA,0.4963948669226877,0.6205358159709367,0.5019462056200327,0.23814871469547944
EALT4.SA,0.3977413556642541,0.5197368235304085,0.4676605445550176,0.34105845341784335
BDLL4.SA,-0.10439375379845296,-0.5275590948182871,-0.5023094184828938,0.6966592340465746
INEP4.SA,0.7995347391094836,0.7692308518118922,1.0519722196877375,1.0035414183364868
MTSA4.SA,0.29688127132689623,0.8708608798889579,0.6665885995739339,0.32519138394547986
TASA4.SA,1.1907078028765572,0.6906077566391682,0.9986653003628819,1.018677425150753
AZUL4.SA,1.1351920054525517,0.7584182899950178,0.6204586913763155,0.3653951627859486
GOLL4.SA,1.3124684114912173,0.4562830886978364,0.48415639257217874,0.48196311965697486
LUXM4.SA,0.20388961126571148,1.6320753409880395,1.1888578906276839,0.7286954373311691
MMAQ4.SA,0.0,0.0,0.0,0.0
WLMM4.SA,0.0602015146920249,2.897119344390136,1.4690620568881065,0.5282185067211577
BAUH4.SA,-0.2803202361117442,3.0886543660969785,1.5074026220523098,0.5113097249039744
JOPA4.SA,0.013682461067122297,0.2054507385727775,0.20254274158038973,0.20264576111131966
ODER4.SA,0.0,0.0,0.0,0.0
BOBR4.SA,0.4292513405041757,-0.2007299089058311,-0.12876320150935622,0.4308146921329054
CALI4.SA,0.3029776843507523,-0.33235568051176445,-0.32593306048277815,0.329018111722729
CEDO4.SA,-0.018816154971916636,0.41833337148030636,0.755990982827371,1.0246792407498113
CTNM4.SA,0.5253321710849526,0.5283018776518895,0.5114329584213928,0.4392425555362982
DOHL4.SA,-0.031654752093799934,0.0818897432325767,0.15340426924523412,0.38747297467697356
ECPR4.SA,0.02063539780190457,-0.20510002136230476,-0.18369442041691753,0.2697787117629881
CTKA4.SA,0.3266767136505775,2.7014925288155487,1.7606694985907578,1.032348939480457
PTNT4.SA,0.4389787133123118,0.7808218059586349,0.6449767772667635,0.3999291509595202
CTSA4.SA,0.26848563379244295,0.05166665712992402,0.20330764064651813,0.5585628308028948
TEKA4.SA,0.40233961477947383,-0.14409941574713991,0.025276822885330955,0.5947970571987606
TXRX4.SA,0.3706470747377175,0.8979591613310378,1.1267643861116148,1.032799828566889
ALPA4.SA,0.5754968458380557,1.5713399567947648,0.9678268380352023,0.28485267615205506
WHRL4.SA,0.38238303072100344,1.0708331636256712,0.836454966368929,0.4954314759578032
HETA4.SA,0.27956921804314283,0.20547944668601392,0.8104587554874135,1.2693607895490644
HOOT4.SA,0.3400359832592668,0.22335027960932075,0.3608568786052355,0.5756506537649968
ESTR4.SA,-0.29625138625079195,1.816000061035154,1.296477624370397,0.8245310874900192
CGRA4.SA,0.39570702580471717,0.26726345705245547,0.2595505945089836,0.23422146781766326
LAME4.SA,1.0295390951886716,0.3550391318374595,0.3541000178806259,0.335671913100777
SLED4.SA,0.24809241087277428,-0.15929204240010642,0.16508848245373975,0.9023168553141606
BALM4.SA,0.23392778734524478,-0.2956335028989443,-0.21082633067485135,0.5080057895763546
PNVL4.SA,-0.0019120168539273437,1.0909090909090908,0.7748108820486731,0.3190328972635813
OIBR4.SA,0.5163084207331999,0.015267252678935916,0.13098144866412664,0.484232847427228
TELB4.SA,0.38102826950866303,0.2954545454545454,0.7057516757291905,1.0258072836910188
VIVT4.SA,0.5654853867068705,0.21730725785273108,0.21163823757106495,0.1938361898888883
TIET4.SA,0.44632185886799436,0.4700197699832376,0.40168614449461226,0.21813018688005897
ALUP4.SA,0.24355465846084515,0.36593602292549554,0.39028763069312405,0.4125828605841216
CEED4.SA,-0.20846159125810707,1.6315789473684212,1.1837753748268491,0.8275239514768532
EEEL4.SA,0.20102517029886416,1.1363636363636367,0.7971871022473154,0.33392177619904295
CLSC4.SA,0.24530769643715786,0.1281485476546831,0.19771591725284657,0.3990452169360913
CMIG4.SA,0.9609395826086511,0.13901769165913347,0.1671484185842171,0.2815430593975653
EKTR4.SA,0.14099639365208347,0.3888888888888897,0.38943571501829155,0.37112300063832915
EMAE4.SA,0.1145568775248246,1.0554612075837557,0.7393245391998985,0.2559931808609743
ENGI4.SA,0.36793511050601824,0.3864864995481323,0.3747194620696668,0.3300460828657715
ENMT4.SA,0.003975708501115212,0.6387978700230457,0.5477045874835267,0.3582410736201824
GEPA4.SA,0.15954934353457437,0.3488433264560493,0.32470946217758845,0.24953597291387664
RNEW4.SA,-0.36607722607138427,-0.4615384641509819,-0.2679110155077823,0.8906068944492822
TAEE4.SA,0.46818494708596303,0.36870755784310183,0.328276612795122,0.20229057136645368
TRPL4.SA,0.49750048705674393,0.3173652092772543,0.2936862994547697,0.21597719389530193
CASN4.SA,0.0,0.0,0.0,0.0
SAPR4.SA,0.6299218929866779,0.8902911604669972,0.6818186139051643,0.33956209391872766
ABCB4.SA,0.6139089958857822,0.2407857801877571,0.2369264809475355,0.22555372426337006
BRIV4.SA,0.19143317662680834,0.6584614973801852,0.5781990598134924,0.40870923773604795
BIDI4.SA,0.6217059187332815,1.7601012124196211,1.1420751997993106,0.5445207620501432
BPAN4.SA,0.8706606754008921,4.989583467210958,1.9919968877236331,0.6959472244341909
BGIP4.SA,-0.09238346945085628,0.07375456452465379,0.09719753569673309,0.2345635525317489
BEES4.SA,0.320292633391887,0.6162789537173037,0.5364801869280105,0.3637072740929969
BBDC4.SA,1.1552540217542717,0.13142855205233084,0.15689026993894473,0.2700050364025411
BSLI4.SA,0.07204242142367354,0.31045279184552266,0.300649862876399,0.27816164849021674
IDVL4.SA,0.2956619805573972,-0.4328571387699671,0.020740708160335537,1.061940095683648
ITSA4.SA,1.0014244692140122,0.15306977647366482,0.16974175752366555,0.2456929958254445
ITUB4.SA,1.0247779411383946,0.027994151898705466,0.05914721522654476,0.25385417263402976
BMEB4.SA,0.19741906528282768,0.8998608815996127,0.6875905344568469,0.3425079721289906
BMIN4.SA,-0.582188903839194,0.7711357560678636,0.6952692773259309,0.5270585300510666
PINE4.SA,0.20356627575684533,1.008888880411785,0.9747094762651151,0.7922968405540829
SANB4.SA,0.9932279591684063,0.06762589072493563,0.12001370014155753,0.3374618626163272
CRIV4.SA,0.48006318391179337,0.2139130467953887,0.312015461816582,0.4992760302152922
MERC4.SA,0.6150299587761017,0.7507003128492589,1.1556568654939166,1.285338308310847
CSAB4.SA,0.012244350737674995,-0.00046491068226128807,0.021083451938065132,0.21051768831778567
SULA4.SA,0.1841554840339368,1.4935371915506335,0.9909401836306814,0.43753275290822735
CORR4.SA,-0.023788427565890204,-0.285641376405402,-0.3114956178984645,0.183454036075693
PEAB4.SA,0.03352842350784051,0.17073170731707332,0.19157580708262623,0.2735975691777055
MAPT4.SA,1.5498572586778856,9.902685057219658,5.756090751022801,3.3392753984453063
FIGE4.SA,0.0,0.0,0.0,0.0
JBDU4.SA,0.1729577924314019,-0.7379110253234653,-0.7950104182334295,1.0929799323800706
